Site,Date,Plot ID,Observers,X,Y,Burn (y/n),FireSeverity,NearestRegen(m),NearestRegen(species),NearestSeedSource1(m),NearestSeedSource1(species),NearestSeedSource2(m),NearestSeedSource2(species),NearestSeedSource3(m),NearestSeedSource3(species),Slope%,Aspect_degree,HorizontalShape,VerticalShape,SlopePosition,ExistingVeg (Top3TOV),WTreeDistance_m,WTreeAzimuth_deg,WTreeTagNo,TOT VEG (%),TOT(%)all,TOT_modHT(m),DT(%)all,DT_modHT(m),TOV(%)>1.8m live,TOV_modHT(m),TSA(%)<1.8m live,TSA_modHT(m),TSE(%),TSE_modHT(m),TRE(%),TRE_modHT(m),TOS(%),TOS_modHT(m),DS(%),DS_modHT(m),ST(%) >6.1ft,ST_modHT(m),6.1ft> SM(%) >1.6ft,SM_modHT(m),SL(%) <1.6ft,SL_modHT(m),TOF(%),TOF_modHT(m),TOG(%),TOG_modHT(m),BARESOIL,LITTER,WOOD,CONES% / dom spp.,Bedrock,SMROCK (2-600mm),ROCK (>600mm),ASH,BASALVEG,MOSS/LICHEN,RD,Total Ground Cover (%) ,Photos,History,NOTES,
modoc,6/23/2020,1,"jw, vs, mm",630008,4592280,no,,,,,,,,,,2,24,LL,LL,VB,"pipo, cade, abco",2,83,35,30,18,22,1,14,18,22,tr,2,tr,0.05,0,na,20,0.25,tr,0.4,0,na,2,0.8,20,0.25,tr,0.1,tr,0.2,tr,94,5,1/pipo,0,tr,0,0,1,tr,0,100,yes,,,
modoc,6/23/2020,2,"ag, pm, km",630235,4592163,no,,,,,,,,,,4,280,LL,LL,,"abco, pije, cade",5.5,13,301,75,75,,tr,,75,,15,,tr,,0,na,tr,0.4,0,na,0,na,0,na,tr,0.4,1,0.2,tr,0.3,tr,98,1,tr,0,tr,tr,0,1,tr,0,100,yes,,declination 14.5 changed!!,
modoc,6/23/2020,3,"jw, vs, mm",630475,4592239,no,,,,,,,,,,2,8,LL,LL,VB,"pipo, cade, abco",9.7,190,42,35,28,28,tr,33,28,28,tr,2.2,tr,0.4,0,na,tr,0.4,0,na,0,na,tr,0.5,tr,0.2,tr,0.2,tr,0.3,1,94,4,tr,0,tr,0,0,1,tr,0,100,yes,,,
modoc,6/23/2020,4,"ag, pm, km",630739,4592163,no,,,,,,,,,,2,128,LL,LL,,"pipo, abco, cade",2.29,28,341,30,30,,tr,2,30,,tr,4,tr,0.1,0,na,1,0.6,tr,0.5,0,na,tr,0.6,tr,0.1,tr,0.4,tr,0.2,tr,96.75,1.5,0.75,0,tr,0,0,1,tr,0,100,yes,,black bear babe :),
modoc,6/24/2020,5,"km,vs, pm",630243,4591673,no,,,,38,cade,,,,,5,181,LL,LL,VB,"abco, cade, pipo",8.1,17,351,75,75,,tr,tr,70,,12,3.5,tr,0.1,0,na,tr,0.1,0,na,0,na,0,,tr,0.1,tr,0.1,0,,tr,73.5,25,tr,0,tr,tr,0,1.5,tr,0,100,yes,,,
modoc,6/24/2020,6,"ag, jw, mm",630488,4591705,no,,,,,,,,,,5,28,LL,LL,,"pipo, abco, cade",7,7,52,65,65,,0,,65,,tr,2,tr,0.05,0,na,tr,0.5,0,na,0,na,tr,0.6,tr,0.5,tr,,tr,,0,97.25,1.5,0.5,0,tr,tr,0,0.75,tr,0,100,yes,,,
modoc,6/24/2020,7,"ag, mm",630353,4591901,no,,,,,,,,,,5,64,LL,LL,,"pipo, cade, abco",2,2,59,32,30,,0,na,30,,0,na,tr,,0,na,2,0.2,tr,0.3,0,na,tr,0.7,2,0.3,tr,0.02,tr,0.2,tr,90.5,2,tr,5,tr,2,0,0.5,tr,0,100,yes,masticated,lots o grazing,
modoc,6/24/2020,8,"ag, mm",630598,4592034,no,,,,,,,,,,9,318,LL,LL,,"pipo, abco, cade",4,83,69,20,20,,0,na,20,,2,3,tr,0.5,0,na,2,0.25,7,0.4,0,na,tr,0.6,2,0.25,1,0.1,1,0.1,3,93,0.5,tr,tr,tr,3,0,0.5,tr,0,100,yes,masticated,,
modoc,6/25/2020,9,"km, vs, mm",626860,4589712,yes,,,,20.5,cade,,,,,0.5,274,LL,LL,VB,"abco, pipo, carex1",9,18,76,13,22,,tr,21,22,,0,na,tr,0.1,0,na,tr,0.05,tr,0.2,0,na,tr,0.5,tr,0.05,tr,0.5,2,0.4,tr,90,9,tr,0,tr,0,tr,1,tr,0,100,yes,,,
modoc,6/25/2020,10,"ag, pm",627009,4589884,no,,,,,,,,,,2,342,LL,LL,,"abco, cade, pipo",9,101,382,26,7,,20,,7,,0,na,3,0.05,tr,0.2,2,0.025,0,na,0,na,0,na,2,0.025,6,0.3,10,0.6,4.5,93,tr,tr,0,tr,1.5,tr,1,tr,0,100,yes,2018 burn,grazing lots og deer poop,
modoc,6/25/2020,11,"km, vs, mm",626633,4589741,yes,,24.5,pipo,,,,,,,2,340,LL,LL,,"abco, pipo, frvi",4.3,8,84,31,30,,tr,8,30,,tr,3,tr,0.1,0,na,tr,1.5,tr,0.5,tr,0.2,tr,0.5,0,na,tr,0.1,tr,0.7,tr,99.25,tr,tr,0,tr,0,tr,0.75,tr,0,100,yes,,,
modoc,6/25/2020,12,"ag, pm",626692,4589860,no,,,,,,,,,,1,243,LL,LL,,"abco, pipo, cade",7.5,9,384,50,40,,tr,,40,,0,na,1,0.05,tr,0.05,1,0.025,0.5,0.6,0,na,0,na,1,0.025,2,0.05,9,1,tr,96.25,3,tr,0,tr,0,tr,0.75,tr,0,100,yes,2018 burn,grazing,
modoc,6/25/2020,13,"km, vs, mm",626853,4589967,yes,,,,19,cade,,,,,4,25,LL,LL,,"abco, pipo, moss",9,14,91,27,25,,tr,5,30,,tr,1.5,tr,0.1,0,na,tr,0.3,tr,0.4,0,na,tr,1.3,tr,0.3,tr,0.2,tr,0.6,tr,98,tr,tr,0,tr,0,tr,1,1,0,100,yes,,,
modoc,6/25/2020,14,"ag, pm",627007,4590112,no,,,,,,,,,,0,na,LL,LL,,"abco, pipo, cade",3.9,24,391,50,50,,0,na,50,,1,3,tr,0.05,tr,0.05,tr,0.4,tr,0.6,0,na,tr,0.55,tr,0.4,4,0.15,4,0.7,tr,98.5,tr,tr,0,tr,0,0,1.5,tr,0,100,yes,2018 burn,,
modoc,6/26/2020,15,"km, vs, pm",627120,4590813,yes,,11.3,abco,,,,,,,3,89,CC,LL,,"pipo, abco, lathyrus",2.2,75,399,68,9,,0,na,9,,0,na,tr,0.1,3,0.5,4,0.7,1,0.6,0,na,3,0.7,tr,0.1,21,0.1,6,0.7,tr,98.5,tr,tr,tr,tr,tr,tr,1.5,tr,0,100,yes,,TRE count as shrub resprout,
modoc,6/26/2020,16,"ag, mm",627251,4590984,no,,,,,,,,,,8,225,LL,LL,,"pipo, cade, ceve",8,18,2315,65,10,,0,na,10,,0,na,tr,0.01,5,0.4,25,0.7,20,0.6,0,na,22,0.7,25,0.7,5,0.1,19,0.5,0.5,95.5,tr,tr,1,tr,3,tr,tr,tr,0,100,yes,2 prior burn,,"pacslope, white headed woodpecker, allens "
modoc,6/26/2020,17,"km, vs, pm",626948,4590880,yes,,none found in surrounding area,pipo,,,,,,,7,6,LL,CC,,"pipo, cade, ceve",1,25,2405,38,24,,0,na,24,,0,na,tr,0.1,7,0.5,17,0.5,2,0.5,tr,1.8,15,0.5,4,0.1,11,0.1,4,0.6,tr,98.5,tr,tr,tr,tr,0,tr,1.5,tr,0,100,yes,,TRE count as shrub resprout,
modoc,6/26/2020,18,"ag, mm",627129,4590669,no,,,,,,,,,,18,70,LL,LL,,"cade, pipo, cepr",3,10,2318,70,40,,1,41,40,,0,na,tr,na,1,0.2,14,0.1,7,0.7,0,na,1,0.6,14,0.1,1,0.1,13,1.3,tr,79.5,tr,tr,0.5,tr,19,tr,1,tr,0,100,yes,2 prior burn,,"pacslope, chipping sparrow, red breasted nuthatch"
modoc,6/26/2020,19,"km, vs, pm",626726,4590503,yes,,none found in surrounding area,"abco, cade",,,,,,,10,91,CC,LL,,"pipo, cade, abco",3.1,20,2410,46,45,,0,na,45,,0,na,tr,0.1,4,0.5,4,0.7,tr,0.6,0,na,4,0.7,tr,0.1,3,0.1,tr,0.5,tr,74,0,tr,25,tr,0,tr,1,tr,0,100,yes,,,
modoc,6/26/2020,20,"ag, mm",626958,4590460,no,,,,,,,,,,6,54,LL,UN,,"cade, pipo, cepr",8,60,2325,75,38,,0,na,38,,tr,1.9,tr,0.05,tr,0.2,40,0.5,2,0.5,0,na,11.5,0.7,40,0.1,2,0.2,5,0.7,1,79,tr,tr,4,tr,16,tr,tr,tr,0,100,yes,2 prior burn,,
modoc,6/26/2020,21,"km, vs, pm",626636,4589981,yes,,42,pinus,,,,,,,0,0,UN,UN,,"pipo, abco, cepr",9.6,170,2423,40,17,,0,18.8,17,,0,na,tr,0.1,tr,0.4,6,0.5,tr,0.5,na,na,15,0.5,6,0.1,19,0.1,1,0.2,tr,96.5,2.5,tr,0,tr,0,tr,1,tr,0,100,yes,,,
modoc,6/26/2020,22,"ag, mm",626486,4589883,no,,,,,,,,,,0,na,LL,LL,,"pipo, abco, cepr",6.9,48,2332,30,19,,tr,2,19,,0,na,tr,0.02,tr,0.3,3,0.01,1.5,0.4,0,na,1,0.55,3,0.01,5,0.15,3,0.6,tr,99.75,tr,tr,0,tr,0,tr,0.25,tr,0,100,yes,2018 burn,,
modoc,6/27/2020,23,"mm, vs ",627436,4591246,yes,,,,44,cade,,,,,2,38,UN,CC,VB,"abco, cade, pipo",9,16,2335,65,38,,na,na,38,,na,na,tr,0.1,20,0.8,25,0.8,tr,0.5,na,na,21,0.8,4,0.1,8,0.1,2,0.4,7.5,90,tr,1,tr,tr,0,tr,1.5,tr,0,100,yes,,,
modoc,6/27/2020,24,"km, ag, pm",627413,4591052,no,,18,pipo,,,,,,,11,52,LL,LL,,"pipo, abco, cade",9,18,2429,40,35,,0,na,35,,0,na,tr,0.02,tr,0.5,tr,0.5,7,0.7,0,na,0,na,tr,0.5,1,0.05,4,0.3,tr,94,1,tr,tr,tr,4,tr,1,tr,0,100,yes,2 prior burn,grazing plus deer poop,
modoc,6/27/2020,26,"km, ag, pm",626879,4591706,no,,,,,,,,,,9,75,LL,CC,,"abco, pipo, cade",6.75,104,2347,33,30,,tr,6,30,,tr,5,tr,0.01,tr,0.1,2,0.01,tr,0.4,0,na,0.5,0.7,2,0.01,1,0.1,tr,0.5,5,91.5,1.5,tr,0,tr,1,0,1,tr,0,100,yes,mastication. plot on partial skid rd,,
modoc,6/27/2020,28,"km, ag, pm",626760,4591545,no,,,,13,abco,,,,,6,293,UN,LL,,"cade, cepr, phldif",8,123,2348,13,3,10,0,na,3,10,0,na,tr,0.01,5,0.3,10,0.1,8,0.3,0,na,tr,0.9,10,0.1,tr,0.05,tr,0.1,2,83,tr,tr,15,tr,0,0,tr,tr,0,100,yes,,,
